complaint_id,text_sha256,label,predicted_label,confidence
13885728,de4a86679d744b1732bec2518a3c4a5f4c74741a671c0e36bd121b4bff08537a,Checking or savings account,Credit card,0.9153245622144788
16513768,cc723488cf2ec47b9860041c93aec3f4d6d9a380a325ab3f18f0b85c49dff527,Checking or savings account,"Money transfer, virtual currency, or money service",0.8884256251921252
18152202,1089240050438331b607a6513100160bf14ee6c2e72d79d4cbd4bc2cfb5feeff,Checking or savings account,"Money transfer, virtual currency, or money service",0.8672747569906407
10612018,90d0e6fe33dd648785ab0205697cb8f26ca5400daebbc4f1e6b2578ec2595fea,Checking or savings account,"Money transfer, virtual currency, or money service",0.866322010903211
9473467,d63457083fca30a067a08022be84cf0d0e3548d97c0842afed5f9caf63112184,Checking or savings account,"Money transfer, virtual currency, or money service",0.8616281906766201
14130074,8a4174ee7c1a093551b5039ada835ce3df004239c30f9c019ec26c6396d2d158,Credit card,Credit reporting or other personal consumer reports,0.958371501394512
12839733,3f71fb17077c7345352e45668c2d59ceb9aca3795ff7163e3fa50f4b757b5ddf,Credit card,Credit reporting or other personal consumer reports,0.9402143113005449
11865640,456a658da121fe3b92df864769cd2a51844e16d905626d7efa5bf72add63099c,Credit card,"Money transfer, virtual currency, or money service",0.9352488902784921
8661970,dc9948178f31d76514ca574f978e1dd92f7201b4c77af04f25ac159e7e8cdbac,Credit card,Debt collection,0.934614558421981
10980745,7a46dbd6f7d969d47b5a2ee55e0a2f54d00d371c247b7bfc29c4f55a468d8a06,Credit card,Debt collection,0.9268999844663256
10291888,8a9044ea5af547f7b0d3423fefe368647f56c71133f7d61a51ad1c6d60d081b2,Credit reporting or other personal consumer reports,Debt collection,0.9787262486111115
13855693,f0ef6f026ac80e2458c34e0b9c2480df6bccedf153dbe6a8998394eb9d70b362,Credit reporting or other personal consumer reports,Debt collection,0.9571172215761891
12382791,5e40d29e8abca38f80d6f8a8b6e373713107657f4de27c5b8d75e4e23460ea9d,Credit reporting or other personal consumer reports,Debt collection,0.9417648906878202
8289512,8fe25d96b08a9c5d67b9d2f2417757920a98e5c5283cc0bdc31f8654320fa9df,Credit reporting or other personal consumer reports,Credit card,0.9405269902092108
9162676,a5dd51cf388a66d0158989b0e941989f04cb42cd33caea9cb2064b3b45bf187f,Credit reporting or other personal consumer reports,Debt collection,0.9398096679983015
11855268,4667e790682faa0a5f33b1bdd03cce92871aa23f1942b66b887745108db9421a,Debt collection,Credit reporting or other personal consumer reports,0.9521257848056413
15803407,8971b28a6d6c63687180e3079653d7dbf1d816eaa3f163248d7aac55b59d30de,Debt collection,Mortgage,0.9428668668013896
18358828,ed5a14d18626c69b35ea126443a20df902497396878658e67e167f8f7140ffa8,Debt collection,Credit reporting or other personal consumer reports,0.929564060631537
10981174,ab37b78318b0007a8db0ecf3aa0d5e951c1cb393dc9aff71fe3e6e08af9226e6,Debt collection,Credit reporting or other personal consumer reports,0.9229911329915815
12791833,a6f4a4026d47529ba4be0e3f820a11c8a4f3254093bdb2a4ee4472d1f57647dc,Debt collection,Credit reporting or other personal consumer reports,0.9202999640418671
16069516,51ffe6fe70a3266316cd33cfdb3f2320a6c9331990d3ed70cdfe75480a3bd864,"Money transfer, virtual currency, or money service",Checking or savings account,0.9221925983932563
9340164,a27b4f1d64bbf5b36b79ad2ba49fabca2350fc661999a3ab53f19a76908ebafa,"Money transfer, virtual currency, or money service",Checking or savings account,0.9030694815577819
15743192,fe0489da91f1cfbc49f04edc6d4fe2e12add0926afb5d1ece290716d8fda53c6,"Money transfer, virtual currency, or money service",Checking or savings account,0.8884226037351579
11701290,a36f408f8daf2436d2fd82a48fa65dfbb7ac83639d176049d4d102d04801698e,"Money transfer, virtual currency, or money service",Credit card,0.8807090439984158
7749097,41a7a1efe33ca835adb543b32aeb0afee5825b5d231251ea25e34301547e4c27,"Money transfer, virtual currency, or money service",Checking or savings account,0.8692586810885604
14292865,1bf05da23b12f2e5b5ef19ce9b66164c71243399a9130991af456f7374236bdc,Mortgage,Debt collection,0.7967855424507719
13423295,c319267de5e37f0ffbf0402b201f456aad94067b41c62e18e2d996a408bb5c9a,Mortgage,Credit reporting or other personal consumer reports,0.7952492568297864
7728579,bdc4d74be807120b2f5a909ca78fcaeb580caad16215d89e89c5c31bc2dfa4b8,Mortgage,Checking or savings account,0.7825095117875233
8065183,ae2798ffb8673f6f0c6eaca4198922efa4f1888b6b016019c39e695aef8bcb9c,Mortgage,Debt collection,0.7671515937595137
10980157,ea489abd8a7852c0af280d16939920bb3be5f477db437802d558231b407a4e30,Mortgage,Checking or savings account,0.7634252615031892
